{"generation": 299, "best_fitness": 32.285667419433594, "mean_fitness": 24.277694702148438, "cum_steps": 16481699, "genome_size": 260}