{"generation": 199, "best_fitness": 32.82533264160156, "mean_fitness": 24.869237899780273, "cum_steps": 47475951, "genome_size": 516}